variant_id,dataset_id,dataset_track,representation,dimension,machine_role,validation,recall_kind,recall@25,recall@50,recall@100,candidate_recall@25,candidate_recall@50,candidate_recall@100,ndcg@10,ndcg@20,mrr@10,hard_negative_share@25,recall_query_count,query_count,company_count,dataset_digest,hardware_id,catalog_digest,source_digest,threads,document_batch_size,query_batch_size,instruction
bge-base-en-v1.5__onnx-int8__768d,controlled-company-screening-v1,controlled,description_keywords,768,development,passed,recall,0.9385416666666667,0.9604166666666667,0.978125,,,,0.831054789718787,0.8824753806547563,0.8813161375661376,0.246,120,120,2400,5d7856166294a0d99ba4084effe9bb0453c4a236f89b0a0a7f1199f841934480,7d1956754d93deccb19ff2f4cb4ac7f209173169c63154aad8510048195997e9,34846e2e6e460a0b7c1d322131329e5b4f545c03dd39fb66f09709fc3d154c3b,acdcf68972da7b262db3b664ca2088f36958b5930379b289a5fe11c81548ebd1,4,8,1,
bge-base-en-v1.5__pytorch-fp32__768d,controlled-company-screening-v1,controlled,description_keywords,768,development,passed,recall,0.9395833333333333,0.971875,0.9875,,,,0.8477291667405569,0.8935048569022501,0.9038624338624339,0.25633333333333336,120,120,2400,5d7856166294a0d99ba4084effe9bb0453c4a236f89b0a0a7f1199f841934480,7d1956754d93deccb19ff2f4cb4ac7f209173169c63154aad8510048195997e9,34846e2e6e460a0b7c1d322131329e5b4f545c03dd39fb66f09709fc3d154c3b,acdcf68972da7b262db3b664ca2088f36958b5930379b289a5fe11c81548ebd1,4,8,1,
bge-base-en-v1.5__onnx-fp32__768d,public-company-screening-v1,source_backed,description_keywords,768,development,passed,strict known-positive,1.0,1.0,1.0,0.993421052631579,1.0,1.0,0.9392665297333292,0.9467500861785352,0.9605263157894737,0.04526315789473684,35,38,130,4e644edaac98bdbe9f555a3accb382ec1ebc076eb0297cb712ccfe7d16349d14,7d1956754d93deccb19ff2f4cb4ac7f209173169c63154aad8510048195997e9,34846e2e6e460a0b7c1d322131329e5b4f545c03dd39fb66f09709fc3d154c3b,acdcf68972da7b262db3b664ca2088f36958b5930379b289a5fe11c81548ebd1,4,8,1,
bge-base-en-v1.5__onnx-fp32__768d,public-company-screening-v1,source_backed,description_only,768,development,passed,strict known-positive,1.0,1.0,1.0,0.993421052631579,1.0,1.0,0.9418817788294831,0.9464865422505994,0.9774436090225564,0.04526315789473684,35,38,130,4e644edaac98bdbe9f555a3accb382ec1ebc076eb0297cb712ccfe7d16349d14,7d1956754d93deccb19ff2f4cb4ac7f209173169c63154aad8510048195997e9,34846e2e6e460a0b7c1d322131329e5b4f545c03dd39fb66f09709fc3d154c3b,acdcf68972da7b262db3b664ca2088f36958b5930379b289a5fe11c81548ebd1,4,8,1,
bge-base-en-v1.5__onnx-int8__768d,public-company-screening-v1,source_backed,description_keywords,768,development,passed,strict known-positive,1.0,1.0,1.0,0.993421052631579,1.0,1.0,0.9356571274453928,0.9399798658560549,0.9594298245614036,0.04736842105263158,35,38,130,4e644edaac98bdbe9f555a3accb382ec1ebc076eb0297cb712ccfe7d16349d14,7d1956754d93deccb19ff2f4cb4ac7f209173169c63154aad8510048195997e9,34846e2e6e460a0b7c1d322131329e5b4f545c03dd39fb66f09709fc3d154c3b,acdcf68972da7b262db3b664ca2088f36958b5930379b289a5fe11c81548ebd1,4,8,1,
bge-base-en-v1.5__onnx-int8__768d,public-company-screening-v1,source_backed,description_only,768,development,passed,strict known-positive,1.0,1.0,1.0,0.993421052631579,1.0,1.0,0.934844924920148,0.9407804888611914,0.9642857142857144,0.04842105263157895,35,38,130,4e644edaac98bdbe9f555a3accb382ec1ebc076eb0297cb712ccfe7d16349d14,7d1956754d93deccb19ff2f4cb4ac7f209173169c63154aad8510048195997e9,34846e2e6e460a0b7c1d322131329e5b4f545c03dd39fb66f09709fc3d154c3b,acdcf68972da7b262db3b664ca2088f36958b5930379b289a5fe11c81548ebd1,4,8,1,
bge-base-en-v1.5__pytorch-fp32__768d,public-company-screening-v1,source_backed,description_keywords,768,development,passed,strict known-positive,1.0,1.0,1.0,0.993421052631579,1.0,1.0,0.9392665297333292,0.9467500861785352,0.9605263157894737,0.04526315789473684,35,38,130,4e644edaac98bdbe9f555a3accb382ec1ebc076eb0297cb712ccfe7d16349d14,7d1956754d93deccb19ff2f4cb4ac7f209173169c63154aad8510048195997e9,34846e2e6e460a0b7c1d322131329e5b4f545c03dd39fb66f09709fc3d154c3b,acdcf68972da7b262db3b664ca2088f36958b5930379b289a5fe11c81548ebd1,4,8,1,
bge-base-en-v1.5__pytorch-fp32__768d,public-company-screening-v1,source_backed,description_only,768,development,passed,strict known-positive,1.0,1.0,1.0,0.993421052631579,1.0,1.0,0.9418817788294831,0.9464865422505994,0.9774436090225564,0.04526315789473684,35,38,130,4e644edaac98bdbe9f555a3accb382ec1ebc076eb0297cb712ccfe7d16349d14,7d1956754d93deccb19ff2f4cb4ac7f209173169c63154aad8510048195997e9,34846e2e6e460a0b7c1d322131329e5b4f545c03dd39fb66f09709fc3d154c3b,acdcf68972da7b262db3b664ca2088f36958b5930379b289a5fe11c81548ebd1,4,8,1,
e5-base-v2__onnx-fp32__768d,public-company-screening-v1,source_backed,description_keywords,768,development,passed,strict known-positive,1.0,1.0,1.0,0.993421052631579,1.0,1.0,0.9476721388547237,0.9514392768426448,0.9780701754385964,0.04736842105263158,35,38,130,4e644edaac98bdbe9f555a3accb382ec1ebc076eb0297cb712ccfe7d16349d14,7d1956754d93deccb19ff2f4cb4ac7f209173169c63154aad8510048195997e9,34846e2e6e460a0b7c1d322131329e5b4f545c03dd39fb66f09709fc3d154c3b,acdcf68972da7b262db3b664ca2088f36958b5930379b289a5fe11c81548ebd1,4,8,1,
e5-base-v2__onnx-fp32__768d,public-company-screening-v1,source_backed,description_only,768,development,passed,strict known-positive,1.0,1.0,1.0,0.993421052631579,1.0,1.0,0.9477036460758121,0.9555545063045907,0.9789473684210527,0.04526315789473684,35,38,130,4e644edaac98bdbe9f555a3accb382ec1ebc076eb0297cb712ccfe7d16349d14,7d1956754d93deccb19ff2f4cb4ac7f209173169c63154aad8510048195997e9,34846e2e6e460a0b7c1d322131329e5b4f545c03dd39fb66f09709fc3d154c3b,acdcf68972da7b262db3b664ca2088f36958b5930379b289a5fe11c81548ebd1,4,8,1,
e5-base-v2__pytorch-fp32__768d,public-company-screening-v1,source_backed,description_keywords,768,development,passed,strict known-positive,1.0,1.0,1.0,0.993421052631579,1.0,1.0,0.9476721388547237,0.9514392768426448,0.9780701754385964,0.04736842105263158,35,38,130,4e644edaac98bdbe9f555a3accb382ec1ebc076eb0297cb712ccfe7d16349d14,7d1956754d93deccb19ff2f4cb4ac7f209173169c63154aad8510048195997e9,34846e2e6e460a0b7c1d322131329e5b4f545c03dd39fb66f09709fc3d154c3b,acdcf68972da7b262db3b664ca2088f36958b5930379b289a5fe11c81548ebd1,4,8,1,
e5-base-v2__pytorch-fp32__768d,public-company-screening-v1,source_backed,description_only,768,development,passed,strict known-positive,1.0,1.0,1.0,0.993421052631579,1.0,1.0,0.9477036460758121,0.9555545063045907,0.9789473684210527,0.04526315789473684,35,38,130,4e644edaac98bdbe9f555a3accb382ec1ebc076eb0297cb712ccfe7d16349d14,7d1956754d93deccb19ff2f4cb4ac7f209173169c63154aad8510048195997e9,34846e2e6e460a0b7c1d322131329e5b4f545c03dd39fb66f09709fc3d154c3b,acdcf68972da7b262db3b664ca2088f36958b5930379b289a5fe11c81548ebd1,4,8,1,
gte-base-en-v1.5__onnx-fp32__768d,public-company-screening-v1,source_backed,description_keywords,768,development,passed,strict known-positive,1.0,1.0,1.0,0.9912280701754386,1.0,1.0,0.9256907200260378,0.9311686620099514,0.9649122807017543,0.04526315789473684,35,38,130,4e644edaac98bdbe9f555a3accb382ec1ebc076eb0297cb712ccfe7d16349d14,7d1956754d93deccb19ff2f4cb4ac7f209173169c63154aad8510048195997e9,34846e2e6e460a0b7c1d322131329e5b4f545c03dd39fb66f09709fc3d154c3b,acdcf68972da7b262db3b664ca2088f36958b5930379b289a5fe11c81548ebd1,4,8,1,
gte-base-en-v1.5__onnx-fp32__768d,public-company-screening-v1,source_backed,description_only,768,development,passed,strict known-positive,1.0,1.0,1.0,0.993421052631579,1.0,1.0,0.9018384765119181,0.9178289310915391,0.9789473684210527,0.03789473684210526,35,38,130,4e644edaac98bdbe9f555a3accb382ec1ebc076eb0297cb712ccfe7d16349d14,7d1956754d93deccb19ff2f4cb4ac7f209173169c63154aad8510048195997e9,34846e2e6e460a0b7c1d322131329e5b4f545c03dd39fb66f09709fc3d154c3b,acdcf68972da7b262db3b664ca2088f36958b5930379b289a5fe11c81548ebd1,4,8,1,
gte-base-en-v1.5__onnx-int8__768d,public-company-screening-v1,source_backed,description_keywords,768,development,passed,strict known-positive,1.0,1.0,1.0,1.0,1.0,1.0,0.9342006143853782,0.9404283915375217,0.9774436090225564,0.04631578947368421,35,38,130,4e644edaac98bdbe9f555a3accb382ec1ebc076eb0297cb712ccfe7d16349d14,7d1956754d93deccb19ff2f4cb4ac7f209173169c63154aad8510048195997e9,34846e2e6e460a0b7c1d322131329e5b4f545c03dd39fb66f09709fc3d154c3b,acdcf68972da7b262db3b664ca2088f36958b5930379b289a5fe11c81548ebd1,4,8,1,
gte-base-en-v1.5__onnx-int8__768d,public-company-screening-v1,source_backed,description_only,768,development,passed,strict known-positive,1.0,1.0,1.0,0.9868421052631579,1.0,1.0,0.9023726036707184,0.915863169811054,0.9592105263157895,0.03894736842105263,35,38,130,4e644edaac98bdbe9f555a3accb382ec1ebc076eb0297cb712ccfe7d16349d14,7d1956754d93deccb19ff2f4cb4ac7f209173169c63154aad8510048195997e9,34846e2e6e460a0b7c1d322131329e5b4f545c03dd39fb66f09709fc3d154c3b,acdcf68972da7b262db3b664ca2088f36958b5930379b289a5fe11c81548ebd1,4,8,1,
gte-base-en-v1.5__pytorch-fp32__768d,public-company-screening-v1,source_backed,description_keywords,768,development,passed,strict known-positive,1.0,1.0,1.0,0.9912280701754386,1.0,1.0,0.9256907200260378,0.9311686620099514,0.9649122807017543,0.04526315789473684,35,38,130,4e644edaac98bdbe9f555a3accb382ec1ebc076eb0297cb712ccfe7d16349d14,7d1956754d93deccb19ff2f4cb4ac7f209173169c63154aad8510048195997e9,34846e2e6e460a0b7c1d322131329e5b4f545c03dd39fb66f09709fc3d154c3b,acdcf68972da7b262db3b664ca2088f36958b5930379b289a5fe11c81548ebd1,4,8,1,
gte-base-en-v1.5__pytorch-fp32__768d,public-company-screening-v1,source_backed,description_only,768,development,passed,strict known-positive,1.0,1.0,1.0,0.993421052631579,1.0,1.0,0.9018384765119181,0.9178289310915391,0.9789473684210527,0.03789473684210526,35,38,130,4e644edaac98bdbe9f555a3accb382ec1ebc076eb0297cb712ccfe7d16349d14,7d1956754d93deccb19ff2f4cb4ac7f209173169c63154aad8510048195997e9,34846e2e6e460a0b7c1d322131329e5b4f545c03dd39fb66f09709fc3d154c3b,acdcf68972da7b262db3b664ca2088f36958b5930379b289a5fe11c81548ebd1,4,8,1,
